1000CTT_1.csv,1000,0.19986449864498645,0.19332257057969637,0.19034007426602195,0.18797938940266193,0.18692774241357094,0.18514778159294418,0.18414171546422126,0.18344759174078173,0.18251752506236013,0.18163287958749155,0.18112053236020179,0.1806866091146356,0.1800858975752963,0.1796457927294297,0.1789911652662578,0.1785936926099278,0.1782339370867831,0.17798314868980894,0.17781242840485156,0.17744836082076693,0.1771593855294851,0.17679618120248602,0.17650932444450482,0.17611596558964981,0.17582893197449126,0.1756869528787321,0.1754741175676588,0.1752594345186938,0.1751171938143219,0.17507483591025186,0.17493071371731198,0.174750295533588,0.17453500111223286,0.1743929586278352,0.17417735352879904,0.17396643471142037,0.1738211686917401,0.17367910231742412,0.17346702765948763,0.1733261284040742,0.1732548817110788,0.17314782750402313,0.17307907677584222,0.1729722396513422,0.17286729215250285,0.17279759303117473,0.1726922725287228,0.1727455837591512,0.17263762671601798,0.1725303998564547,0.17246017894468166,0.17235198411604116,0.17228131471316882,0.17217334412286292,0.17206728519120115,0.1719962573614398,0.17188923457723843,0.17181835363653547,0.17171214176554425,0.17160723907977335,0.1715354134861142,0.1714313143296007,0.17135963589504566,0.1713261673308411,0.17128860416916464,0.17125574991180328,0.1712205629047226,0.17118363210583257,0.17114788889079055,0.1711127461884636,0.17107995935140163,0.1710425040622595,0.17100740462062008,0.1709734888508188,0.17093841772563018,0.17099206806182238,0.17095627357190457,0.17092109026726476,0.1708841335825684,0.17085017137318212,0.17081384080150036,0.17077812088302743,0.1713608104680892,0.1707073205569936,0.17066986179224253,0.1706359846915145,0.17059855722363035,0.17056292727753722,0.1705296860861697,0.17049171201514246,0.17045849857371462,0.17042114891678228,0.1703850005563592,0.1703512364370865,0.17031452574356196,0.1702784225962942,0.17024292623269774,0.17020980964290677,0.17017434187677988,0.17013593514001493
1000CTT_2.csv,1000,0.19986179049064376,0.19332584902268696,0.19043473529571792,0.18798002040925937,0.18669192099197904,0.1851471583277509,0.18410411589856196,0.18352178301607855,0.18251752506236013,0.1816322686543067,0.18111992486877193,0.1806841908025055,0.1800883452259599,0.17964640164867943,0.17895611185769952,0.1786304103106821,0.1782339370867831,0.17798195330156522,0.17773187302566718,0.17755924332445536,0.17716059267032117,0.17679618120248602,0.17640094578045545,0.1761517615176152,0.1758307155971989,0.1756875464558416,0.1754723411722227,0.175332119495583,0.1751171938143219,0.17507603792627582,0.1749301137045739,0.17515376479544062,0.17457204177406271,0.17439355496132566,0.1741785432526306,0.17400026611805405,0.17378681469214174,0.1736802852443273,0.17346820769926735,0.1733278955954323,0.17325547028668684,0.17315017892185156,0.17304560260586319,0.172973412968936,0.17286904999983052,0.17279642209761306,0.1726922725287228,0.1727455837591512,0.17263881887425678,0.1725327812284334,0.17246077379699987,0.17235317233248998,0.17228072109818623,0.17217334412286292,0.1720678773362516,0.1719974406780827,0.17188982549744913,0.17182189629517625,0.17171214176554425,0.17160606112607896,0.17153776747026392,0.1714307265577053,0.17136022317955465,0.17132440618960815,0.17128919096689324,0.17125399021797208,0.1712193902535074,0.17118597644480965,0.1711490605628066,0.17111508858628136,0.17107761791524814,0.17104308917502498,0.17100857436991893,0.1709734888508188,0.17093841772563018,0.17099206806182238,0.17095508068033144,0.17092049406487306,0.1708841335825684,0.1708507670850767,0.17081324534708206,0.17129095138420217,0.17074063104343432,0.17070494173387446,0.17067045624740945,0.1706342020587539,0.17059855722363035,0.17056233357119235,0.1705273122111476,0.1704928984488626,0.17045731261871136,0.1704199634814364,0.17038737047082553,0.17035005197414851,0.17031393376525875,0.1702778308689382,0.17024470069939301,0.17020685343105754,0.17017197788458865,0.17013711662725736
1000CTT_3.csv,1000,0.1999966667222213,0.1933245376321475,0.19014895001084184,0.1879415367576729,0.1865766575639873,0.185033171401273,0.18414109895407854,0.18344759174078173,0.18244291057256667,0.18163165772523165,0.18112113985570685,0.18078556444323163,0.18071986747209717,0.17964640164867943,0.1789929787471167,0.17862920621225192,0.17823213895381096,0.17787383710783852,0.17781425249623856,0.17745017745017744,0.1771563677493646,0.17679497902259578,0.17650872530150744,0.17607779929839767,0.17582952651137312,0.17568576573654568,0.17547115692857984,0.17532975480808136,0.17511660408493157,0.17511210608360056,0.17493071371731198,0.17471617186590022,0.17457024912201433,0.17435837826195466,0.1741785432526306,0.17403648623746767,0.17382176112118444,0.17360874715758226,0.17346643764561828,0.17332553934829595,0.1732542931394697,0.17314959106140698,0.17307848939809412,0.172973412968936,0.17286846404674905,0.17279876398060587,0.1726922725287228,0.1726911030220943,0.1726394149595506,0.17253159053422681,0.172459584096467,0.17293704752377886,0.17228012748729432,0.17217452987744616,0.1720678773362516,0.1719974406780827,0.17188982549744913,0.1717852958658151,0.171712731468762,0.17160723907977335,0.17150246449041473,0.17143013878984037,0.17135904861456208,0.17132499323266276,0.17128860416916464,0.17125223056030306,0.17121997657710722,0.17118421818455712,0.17114847472479325,0.1711133317819058,0.17107761791524814,0.17104542966611933,0.17100740462062008,0.1709717349527776,0.17093666454705203,0.1709908746706681,0.17095627357190457,0.17092168647381586,0.1708841335825684,0.1708507670850767,0.17081384080150036,0.17077931130628746,0.17074182094409773,0.17070494173387446,0.17067223963775688,0.1706347962655356,0.17059915118218247,0.1705635209880153,0.1705273122111476,0.17049171201514246,0.1704555337171482,0.17042233436862003,0.1703850005563592,0.17034945974885624,0.17031452574356196,0.1702790143277628,0.17024588369774057,0.17020744466521237,0.17017197788458865,0.1701377073770321
12000CTT_1.csv,12000,1.5444865499573015,3.097928977109747,3.793103448275862,2.9362951614962336,1.5423134702053078,1.5671257777154046,2.008269344359126,1.4068089553438643,1.5541703571249519,1.458047687522991,2.041788606819574,1.367589145307187,1.4848308737322669,1.4082566186380578,1.8579024921519636,1.5927090807889108,1.2707545398460343,1.9745675697022353,1.4487261605738566,1.4075116675309283,1.4558438851194597,1.5673770315358948,1.5137040674910187,1.3291607779796757,1.4138389886892881,1.3558544581304048,1.3498320283835004,1.3964690246979377,1.6487140030775993,1.1317338162064283,1.8434073930338604,1.5311559890458268,1.4138019462552809,1.4280444927227258,1.3521533294668266,1.4569737441189863,1.1955593509820666,1.4581796775088471,1.3440270156184044,1.4161672902534566,1.4990312383153743,1.1136984914447705,1.6993665997219218,1.3707624824000866,1.3591619407473352,1.4085603903337545,1.318442949380603,1.3409637330263113,1.038637307852098,0.7328020518457452,1.4428348819761065,1.4955844649131136,1.4354735869450326,1.3594010438014044,1.4331756387310621,1.4574238589458306,1.504583533320398,1.3771622297106598,1.3064779531845399,1.3851923953958518,0.9213759213759213,1.3753097851248672,1.474730342321355,1.3112007192872517,1.2058759044069283,1.3589381065462383,1.432542592561011,1.4728243452409362,1.4474299583863888,1.4145971316639712,1.3792206547704606,1.4074306874547367,1.4596489304473859,1.320267473876832,1.4465643242355952,1.4975613107096244,1.3656947073340202,1.3309018998710154,1.3152111205736106,1.5034891316745413,1.460459599093555,1.408523283576962,1.4628962585738141,0.6793478260869565,1.473806440087535,1.4184299495286818,1.4550296325020675,1.161271592393671,1.0573308270676691,0.7390983000739099,1.1667250029168126,1.1275773195876289,1.4071084780866079,1.478031083441573,1.438819204450013,1.4471430983333737,1.4030660613143315,1.378017859111454,1.4562168727915197,1.4867060816651108
12000CTT_2.csv,12000,1.101391424499618,0.9987077531437364,1.142685310479627,1.1580562110414785,1.144651098965463,1.0431014884255854,1.0459748645836113,1.0718437728900805,1.0705164990419045,0.9489666807254323,1.0113848218108508,1.1285396629785411,1.061322333971689,1.128820298547697,0.9752435595384518,1.0815422389267877,1.1148496631945144,1.0444372800300907,1.005478005588978,1.1067750200539512,1.013511245947633,1.2062523520240849,1.1990729855909716,1.0645142816718265,0.9670300048856916,1.1640386084019365,1.0560656509602127,1.1349017653279092,1.1717668352840267,1.1163062139914903,1.0838699221031804,1.0110678224295286,1.0297235614255424,1.1649580615097856,1.060081476775042,0.7776599505125487,0.9827362619549359,1.127947776693357,1.15725421922671,1.1357145030066014,1.0578291183518143,1.0363222452516054,1.0074885474246495,1.0086616278715548,1.0427102287828913,1.0398496113265703,1.056887840334931,0.9816175971088136,1.081007811043901,1.0320442964275651,1.0823065078373333,1.0339100498256653,0.6895230798697567,1.0908497753733017,1.2124217189898523,1.1042027656032345,1.006282466207947,0.9934971098265897,1.184607611530636,1.0896073997663662,0.6529972574115188,1.1033999154403804,1.0523698756568798,1.0672650648568769,1.063318927076902,1.0148849797023003,0.9716582626750264,0.995261272136537,1.0009736433049212,1.0208680451230505,1.1384246212226905,1.063284214844952,1.0476383483723823,1.0765074532713483,1.0848696841385477,0.9943652635067948,1.0554885404101326,0.9666289417649061,0.9742242225073238,1.0032666086849331,1.0276752957135664,1.0628741488435245,1.0634929375808804,1.0254159107510914,0.9795805739514348,1.1046463759365481,1.138629504124127,1.1109073101853935,1.0689342278926528,1.127085795969981,1.0686514031633456,1.1266770950336626,0.5675368898978433,1.1424666234071048,2.1382751247327154,1.0169444463726667,0.9692169765276418,1.1787656737921097,1.0842129615242515,0.9928459739576847
12000CTT_3.csv,12000,1.2399754685934323,1.3611751478776677,1.3538268171364392,1.2549982977416707,1.2711410832798116,1.5575874700741297,3.5742209315313307,1.204249423872316,1.2986184980990507,1.211079031270596,1.138267617125723,1.1389521640091116,1.273979307893978,1.2794748124330118,1.2689116642264517,1.2905691242231445,1.2131326637645317,1.2679117694413138,1.2094717176187595,1.296854789413072,1.299289922949086,1.2562687474597507,1.1531621184563094,1.2597250775990647,1.3715069432539002,1.228612879229037,1.2020284229637515,1.2852778488082581,1.4271476708000839,1.1947390980057309,1.1751316551510498,1.0769931970492412,1.1902225919125728,1.1674731819566173,1.2709993021303565,1.4814814814814816,1.2363027117590628,1.1769807346837637,1.2080942313500453,0.8866595733900796,1.2945225726002916,1.2260479143600438,1.247577931128259,1.2147790218829413,1.2009878547988768,1.2994879881963175,1.300614743687446,1.280470454329887,1.1690880481285113,1.24691659212274,1.291867002122595,1.2584589813605604,1.2146257222442756,1.2871459071824785,1.517680983457277,1.2395529458909669,1.1690302146733682,1.2934049995734154,1.0623027942357428,1.1363752351854437,1.1872270742358078,1.2026129499549019,1.1349627223450678,1.1367282707393171,1.2269478649403056,1.0568430588057673,1.2135381493200414,1.0520675414292435,1.1355372111716449,1.899499222932136,1.2946047859278516,1.1509184949845455,1.2537150274997437,1.8889308651303365,1.189564646685627,1.0883522278604436,1.1159835546472499,1.2633395302020316,1.3733285146367906,1.200587258681961,1.1826388615129892,1.0904377524637723,1.2807844460435123,1.2858627110100709,1.1083849492991094,1.3094718463553034,1.2366799266236579,1.2808670061708258,1.0962726729120988,1.1815864859480514,1.1339582703356517,1.2654026469734059,0.6372809346787043,1.2217029506707322,1.3267626990144048,1.1491238362101688,1.166937913362651,1.0346076250581968,1.0434056761268782,1.272383080408404
2000CTT_1.csv,2000,0.38989892878630517,0.37711543403316616,0.37215352841777755,0.3685783597592848,0.36537578396570164,0.3631179729947819,0.36099377876142025,0.3591773161062493,0.3577362981982795,0.35650144282187707,0.3555328968552109,0.3543179548092757,0.35349488610731433,0.35256786931484313,0.3516845690859216,0.3511935515460959,0.35034057145937064,0.349704432503682,0.3491784234594181,0.3486998236188271,0.34806234033062544,0.3475725599900115,0.34711222846050677,0.34669395338817605,0.3462394363356438,0.34601841360734376,0.34548749301403964,0.3451379536703053,0.34482292328704145,0.3444386662794546,0.34419342320606044,0.3438801139524299,0.34367271575570935,0.34332371347086676,0.34304152160991763,0.34283309120039107,0.342556352215763,0.34234618995807103,0.34210151947268946,0.34192663811635665,0.341718403735219,0.34151388710430036,0.3413144017611823,0.34110716563822857,0.3409315613983649,0.3407561378699334,0.34058553465117225,0.340445234277388,0.3403409535672837,0.3401696085668314,0.34002733819799114,0.3399233133005194,0.3397835578736345,0.3396127735156375,0.339472120852075,0.3394014193150262,0.33922348660067225,0.33912123070177547,0.33901323178916803,0.3388728200037653,0.3388032374531579,0.3387371604929823,0.3386340392199787,0.33855992339654256,0.33849509865935423,0.3384210436358042,0.33831811471376233,0.33824991543752114,0.33817827802353584,0.3380754966977878,0.33800508714727123,0.33798348019520275,0.3379170517082052,0.3378098888674407,0.33774236461011437,0.33767370383259654,0.337566695256499,0.33753065329402365,0.3374946190271201,0.33746324061129057,0.3374260589324941,0.3373900469936137,0.3373540427406918,0.33732269045824254,0.33728670057889415,0.3372518789747543,0.3372159042031554,0.3371810972148154,0.3371486171746258,0.337113824074743,0.33707787874827166,0.3370442594140245,0.33700832892012905,0.33701267793053374,0.336976383861263,0.33694009760842003,0.33690615947817754,0.3368722281840503,0.33683947341919845,0.3368055555555556
2000CTT_2.csv,2000,0.3871932494859676,0.3777583884091692,0.37279346570300115,0.36747142909638775,0.36537578396570164,0.362678988797249,0.3609949966768217,0.3592134903129858,0.3577410823840936,0.35650623885918004,0.35553170437203374,0.35431675918270933,0.35349964650035354,0.3525690531674132,0.35171991036166855,0.3509067903838043,0.35030988951765024,0.349704432503682,0.3492100800832732,0.3486998236188271,0.3480270582590538,0.34753385924541286,0.3471882805416137,0.34669512035033034,0.34627552101018316,0.3458400862565862,0.34549100368523733,0.3451414572413723,0.3448578982601581,0.3444758900649101,0.3441585828764234,0.3439508487493003,0.34371394832039587,0.3433633974618306,0.3430461821677122,0.3428365823605487,0.34255751404994556,0.34231254151810525,0.34213512643756033,0.34192779568290765,0.3416883463975561,0.3414757839574001,0.34138780972409033,0.34113974789772633,0.3409303990590321,0.340725950710584,0.3405820547315362,0.340408149371096,0.34030389137499784,0.3401661371413799,0.3400261820160152,0.3398863420072328,0.33975469710868755,0.33961508026802417,0.33947096844277874,0.3394340023726094,0.3396496853145666,0.339151436254946,0.3389760867778782,0.338875139914357,0.338806715902013,0.3387360014781208,0.3386294060303398,0.33855992339654256,0.3384927839492876,0.3384233573648101,0.3383158024235714,0.33825222682715994,0.33818174365140635,0.3380766511970987,0.3380039331366765,0.3380120113763234,0.3379123910404943,0.3378098888674407,0.3377400366689183,0.337670213352445,0.33756436973632087,0.3375294907782121,0.3374981058779772,0.3374644026707897,0.33742489713705304,0.3373900469936137,0.3373540427406918,0.33732501264968795,0.3372878614228729,0.3372507183784435,0.33721706455986294,0.3371810972148154,0.3371532567972505,0.337113824074743,0.33707787874827166,0.3370419410864444,0.3370094878487446,0.3370138488371285,0.3369752132149867,0.33694360883973296,0.33690615947817754,0.33687105826132857,0.33684064312254747,0.33680321664432883
2000CTT_3.csv,2000,0.3874415497661991,0.3772199562829015,0.37099798457851624,0.3670667694453621,0.3648975274007914,0.3627532975282393,0.36074184706568535,0.3591773161062493,0.3577362981982795,0.356254621227398,0.35525169247268584,0.3542856757240081,0.35321662607478777,0.35253590830037407,0.3516833911657132,0.3511591628905802,0.35030752959088124,0.34971031208282755,0.3491420840425282,0.34870336515674727,0.3480646927230824,0.3475737328744011,0.3471871102571881,0.346691619487435,0.3462394363356438,0.34601723980012417,0.34549100368523733,0.3451391215194242,0.34482875195656515,0.3444747266998308,0.3441632278461793,0.34391605750815957,0.34371043926874756,0.3433575610054597,0.3429727930889285,0.3428377460964019,0.3425551903894615,0.3423508316413519,0.3421745361163529,0.3419312684295876,0.3416871904517037,0.34148271116986567,0.3413528496135886,0.34114207544015857,0.3409315613983649,0.34075846018067013,0.3405866946401872,0.34044639331090926,0.34034442856170444,0.3401684514171418,0.3400261820160152,0.33985746377969084,0.33975007984126876,0.33961162015119506,0.33950900208119017,0.3394305110314916,0.33926068585488556,0.3391537599819118,0.3390120708843421,0.3388728200037653,0.33880439692817343,0.3387348424711904,0.33866415804327377,0.3385645546850153,0.33849046927087784,0.3384210436358042,0.3383227393889686,0.33824875975454755,0.3381794332249337,0.3380754966977878,0.33800508714727123,0.34139014065273793,0.33788093489586024,0.3378087244273625,0.33774120063550483,0.3376690498750969,0.33757018359684476,0.33753065329402365,0.3374992681776073,0.33746324061129057,0.3374272207359357,0.3373900469936137,0.3373610107060484,0.3373203682987695,0.33728902227484236,0.3372518789747543,0.3372193852972348,0.3371868978805395,0.3371497770683106,0.33711498372904214,0.33707787874827166,0.3370431002462478,0.33700832892012905,0.33701267793053374,0.3369752132149867,0.33694126801072655,0.33690732964471903,0.33687456805387217,0.33683830372397316,0.3367997083383969
3000CTT_1.csv,3000,0.5766782002306712,0.5611578557089462,0.553275390310639,0.5482731068697952,0.5431429874205401,0.5399006716900904,0.5368713153011679,0.5350741077639253,0.5325527026212311,0.5311192160949292,0.5296272831796409,0.5281855983636339,0.5266000087207645,0.5253215068645377,0.5245742877895246,0.5231353243774355,0.5224149727501609,0.5215711742754368,0.5204800505033546,0.51988036000027,0.519116288790459,0.5184836037977241,0.517777590989325,0.5171661996396737,0.5165027698726973,0.516048083539078,0.5154239783319802,0.5149122629889142,0.5144119966292477,0.514036232790777,0.5135777107273544,0.5131234703350493,0.512675220247973,0.5122950819672131,0.5120397152923544,0.5116909522195865,0.5113755664077052,0.5110328956274536,0.5106803208831049,0.5103023625985542,0.5100652883569097,0.5098208489536776,0.5095783748526469,0.5093015438627466,0.509021558759752,0.5087781184706808,0.5085435313262816,0.5082971030453773,0.5081508764750017,0.5079066406236684,0.5077283755418041,0.5086418245999532,0.5073825869020377,0.5071459933764692,0.5069717116589884,0.5068320277022821,0.5066303978238694,0.5064581917063222,0.5063966796801489,0.5062252018059926,0.5060884492150499,0.505982905982906,0.505877406763034,0.5057322011310633,0.505561172901921,0.5054610282716647,0.5053591977081278,0.5052160139821945,0.5050763586724683,0.5049798519863109,0.5049412104162159,0.5048718415458008,0.5047990247420202,0.5047383601153688,0.504632665181376,0.5045581855126586,0.5044923845673377,0.5044179462983615,0.5043158458097186,0.5042518377749802,0.5041774704696053,0.5041117687807354,0.5040408993186877,0.503976961053209,0.5039626653411758,0.5039296155293159,0.5044560282495375,0.5038617900207757,0.5038235375314027,0.5037887675808478,0.5037609550755642,0.5037175041832703,0.5036827488658513,0.5036532106167337,0.5058081920281876,0.5035785116840562,0.5035472489420335,0.50351425359185,0.5034795263154265,0.5034395958690367
3000CTT_2.csv,3000,0.5767358749716632,0.5611522325842396,0.5521275314210758,0.5481594876714252,0.543146629473416,0.5404461870010944,0.5371939673117471,0.5349363592900057,0.5331241072685939,0.5310139004651413,0.5295580536395385,0.5280843320405919,0.5268385659252895,0.525528560455997,0.5242974917742429,0.5231388329979879,0.5224061691113029,0.5213904642729799,0.5205464730457677,0.5198838700965498,0.5190393054310386,0.5184783669951485,0.5177862954744132,0.5172958193092422,0.5164312910107202,0.5159767304611753,0.5155646612436903,0.5148706766006421,0.5146209917965351,0.5139649692297288,0.5136176251942961,0.5131269347754901,0.5126475548060708,0.5123347973075458,0.5119633285075421,0.5116562754133912,0.5113028402703471,0.5110242482697938,0.5106475078034379,0.5102661494167422,0.5100583506753172,0.5097463502161325,0.5095022163346411,0.5093672639846782,0.509021558759752,0.5087781184706808,0.5085366349791839,0.5082988254908473,0.5081474104944377,0.5079066406236684,0.5077301056691985,0.5075536933898795,0.5073825869020377,0.5071787924379302,0.5069717116589884,0.5068044449130779,0.5066303978238694,0.5064599131880122,0.506393214330928,0.5062200073196677,0.5060797964738548,0.50598636571874,0.5058428264309712,0.5057010964829856,0.5055974419502396,0.505464480874317,0.5053557465436057,0.5052229125418174,0.5050780823413782,0.5049798519863109,0.5051556596206555,0.5048770435499381,0.504805958770746,0.5047348940056722,0.504632665181376,0.5045668448096547,0.5044906531952791,0.5044214080563305,0.5043573732244562,0.5042552972533523,0.5041826581744472,0.5041117687807354,0.5040443559033194,0.5039752332171105,0.5039626653411758,0.5039348336324727,0.5038948309363815,0.5038670067193771,0.5038235375314027,0.5037922443599423,0.503762693267177,0.5037279317138136,0.5036931749574793,0.5036584229971816,0.5036219385995171,0.5035889334607253,0.5035472489420335,0.5035125171142525,0.5034847351015074,0.5034413318436987
3000CTT_3.csv,3000,0.5789748463875987,0.5625445766349789,0.5528786548629866,0.5475738139517802,0.543146629473416,0.5404498153742867,0.5373852178761193,0.5351188465513262,0.5329418389510095,0.5315912297477116,0.5290952136975384,0.5275200844032134,0.5265947099033347,0.5255692824968583,0.5242657758629381,0.5232019962168472,0.5224132119986519,0.5215308106944099,0.5205534658785599,0.5198856251624643,0.5190393054310386,0.5183788878416589,0.5177166677872655,0.5171644515352686,0.5165376447909036,0.5158740862622394,0.5155003891522546,0.5149035986040392,0.5146209917965351,0.5140258027425982,0.5135759754564745,0.5131252025494221,0.5127841819574187,0.5123347973075458,0.5119685359734183,0.5116528079912713,0.5113426639259603,0.5110328956274536,0.5106457809160512,0.5102989135026444,0.5100965102597411,0.5098555069493306,0.5096112685243697,0.5093032731223687,0.5090198314126317,0.5087781184706808,0.5085418072219717,0.5082264928306183,0.5081439445611546,0.5079083719661849,0.5077318358083841,0.5075917327274028,0.5073843146736224,0.5089939226125639,0.5069699866962909,0.5067958259071305,0.5066286751830154,0.5064495844734114,0.50639494699961,0.5062252018059926,0.5061178707484388,0.5059742568503103,0.5058376397889153,0.5056993685591669,0.5056026236676687,0.5054593019880261,0.5053591977081278,0.5052539583916537,0.5051142821063266,0.5049781289877918,0.5049481483517049,0.5048805116122518,0.5048094258565449,0.5047002355267766,0.5058410975384678,0.5045599173482802,0.5044975787548176,0.5044283317148162,0.5043608341510611,0.5042518377749802,0.5041843874331184,0.504116955133591,0.5040426276050775,0.503976961053209,0.504116955133591,0.5039313548850277,0.5039017874707927,0.503865267807841,0.5038252761549159,0.5037939827674853,0.503762693267177,0.5037279317138136,0.5036914372455668,0.5036566855250448,0.5036167269741948,0.5035906704654419,0.5035541958825822,0.50351425359185,0.5034847351015074,0.5034448038289391
4000CTT_1.csv,4000,0.767043265929546,0.7456772454749429,0.7354981495535191,0.7274256140573331,0.7218431060641505,0.7173072153061293,0.7133790387133723,0.7102439285869832,0.7084578450794078,0.7055977420872253,0.7035883003316916,0.7016719264083797,0.6996354531060133,0.6982208794897617,0.6970602823094143,0.695634640588769,0.6942977027802095,0.6933879067763521,0.6919578375981673,0.6909918260723014,0.6902263942573164,0.6891497572848172,0.6883837756339007,0.6876605383977509,0.6867553837918997,0.6860648129464466,0.6853986454091796,0.6846681551734605,0.6841143920143968,0.6835293008471722,0.6829561859939886,0.6823310048506304,0.6818151133433243,0.6813735411185321,0.681058810439755,0.6805047245987222,0.6799844381670866,0.6795798100557525,0.6792376317923763,0.678815551292789,0.6785066069580853,0.6781546056870045,0.6777110985358052,0.6773278063384336,0.6771168365101398,0.676760256828817,0.6765278821277652,0.6762451065680731,0.6758271241008782,0.6755885088844982,0.6754486302648505,0.6752400665060568,0.6750705601389492,0.6752469401812647,0.674494895299997,0.6742192847146316,0.6740884485752221,0.6738750880632218,0.673636651277358,0.6734945865321492,0.6735358249623262,0.6731843670870936,0.67304867132676,0.6728831505960311,0.6726694734397995,0.672529393289727,0.6723893714695292,0.6722539959869508,0.6721461935030417,0.6720061440561742,0.6719738890145983,0.6718333853204406,0.6717044500419815,0.6715249440681392,0.671426026665205,0.6713133423526794,0.6712834528628869,0.6712098900722578,0.6711409395973154,0.6710398378548637,0.6710046832685843,0.670933113129645,0.670863866240066,0.6707554081804642,0.6707138803377646,0.6706216146505031,0.6705432087727683,0.6705155404871037,0.6704740423395762,0.6704394644735847,0.670404890173927,0.6703703194400517,0.6705455145663118,0.6703223421200845,0.670285285855944,0.670248233688611,0.6702250781641361,0.6701463613470633,0.6701463613470633,0.6701116392174201
4000CTT_2.csv,4000,0.7644162563631812,0.746975416505489,0.735635873617757,0.7275848541645012,0.7220771753410644,0.7172278807256738,0.7136586902185204,0.710743967895829,0.7080964622024148,0.7057210227937856,0.7037627850239279,0.7017166877629339,0.7002636878097159,0.6982841680850564,0.696847768914559,0.6954453369886209,0.694539976311825,0.693033332884768,0.6919810813716005,0.6911128258462778,0.6900916307033548,0.6915304306958945,0.6884207627702051,0.6876953105247723,0.6869612068965518,0.6861294228440737,0.6853662489196197,0.6847097235526654,0.6841143920143968,0.6835339039550686,0.6830901374634362,0.6823978514602301,0.6819532220601738,0.6813666460907432,0.6809865835479062,0.6805830666869827,0.6816103550785032,0.6795798100557525,0.6791687785098834,0.6788405403570701,0.6784927961027374,0.6781569051631476,0.6777409538526185,0.6774264568902738,0.6771145440818497,0.6768395653336312,0.6764496928782425,0.6761417111481838,0.675893691092808,0.6755862153252828,0.6754440450612822,0.6751690467223767,0.6750728501982814,0.6747270422420021,0.6744994907188189,0.6742146931131352,0.6740746793038647,0.6738750880632218,0.6737352152549986,0.6734968774235683,0.6734877139514,0.6731475628299535,0.6729498088754223,0.6728739573869265,0.6726671765734267,0.6724880693106485,0.6723847815773396,0.6722494079427803,0.6721484868129244,0.6720729679222316,0.6719692814042787,0.671831082470693,0.6716998461259025,0.6715893710702598,0.6714513283431254,0.6713478335331393,0.6712834528628869,0.6712098900722578,0.6711179592535524,0.6710375404419947,0.6709908297919929,0.6709308046696784,0.6708592502889854,0.6707900186445226,0.6707161873052344,0.6706446786924148,0.670547820375713,0.670510929328148,0.6704832637062252,0.6704463797614586,0.670402585347406,0.6703703194400517,0.6703501370071285,0.6703200259835392,0.6702806541109971,0.6702574963464057,0.6702204472512325,0.6717952781404707,0.6701417315218781,0.6701139539141219
4000CTT_3.csv,4000,0.7669893157383528,0.7465384718390958,0.7343124165554071,0.7240912154721942,0.7211779239424393,0.712188793558871,0.7136395617650014,0.71012497529636,0.7085720426352164,0.7055487564285189,0.7039066820855749,0.7018557199562097,0.6997010368297182,0.698251350344258,0.6968430997457193,0.6954827221260941,0.6945423066857246,0.6933879067763521,0.6920298983791047,0.6911522447349968,0.6898756541199038,0.6891543907539013,0.6883589724555181,0.6875516085000253,0.6868617488712235,0.686170964204748,0.685440302539168,0.6846704643954494,0.6841213085252299,0.6834648638457187,0.6829977515173031,0.6824393490474565,0.6818841607086195,0.6814011226252159,0.6810909593604488,0.6804010642691274,0.6800189458014751,0.6795430495593113,0.679233041139219,0.6788545258657084,0.6784997014601314,0.6781270131895704,0.677674357141163,0.6774356351467157,0.6770870361530623,0.6768224038419024,0.6764473934680335,0.6762428085485246,0.6759694556917307,0.6756183265714916,0.6754119503792828,0.6751072029528308,0.6748696274583319,0.6747431375555897,0.674529362467551,0.6742904625360132,0.6740769741433604,0.6738727945981268,0.6737398003280228,0.6734602250309519,0.6734922956563149,0.6731889679022133,0.67304867132676,0.6728785539600781,0.6727016312160875,0.672529393289727,0.6724031415220887,0.6722907025949738,0.6722195871821032,0.672068358953082,0.6719439406769493,0.6718034495050591,0.6716975441915297,0.6715962746965825,0.671458229131695,0.671352432624988,0.6712535660345695,0.6712190845393589,0.6711409395973154,0.6712811537816076,0.6709954475539636,0.670933113129645,0.670863866240066,0.6707854037096153,0.6706815844594478,0.6706123894779197,0.670547820375713,0.6705063182326142,0.6704832637062252,0.6704440746496501,0.670404890173927,0.6706100832244309,0.6705754913255042,0.6703292906257557,0.670285285855944,0.6702528649855067,0.6702135010018656,0.6701880326526664,0.6701486762836456,0.6701139539141219
4500CTT_1.csv,4500,0.8530995951958783,0.8347217538505716,0.8258715117795359,0.816780145547544,0.8104134783147419,0.8070943932056718,0.8016032064128257,0.7985939400419679,0.7959200735724439,0.7933240276759623,0.7906780399225404,0.7884900583147115,0.7871483791442525,0.784921457538768,0.7836015402983066,0.7819159289362588,0.7807268162835385,0.7790437238289999,0.7780404782266043,0.7768126469134307,0.7757613207420443,0.7745098699496905,0.7739286976125982,0.7729897225975143,0.7722007722007722,0.7713684210526316,0.770327910763062,0.7698957264033713,0.769025799466404,0.7685073766596221,0.7677905144196446,0.7680569170599589,0.7664491121683082,0.7660068434443987,0.7654798918211677,0.7651031704385802,0.7644897876342085,0.7641072454948102,0.7633819848607166,0.7632008303625035,0.7628877164905808,0.7623397392459274,0.7617873902179727,0.7616120449791149,0.761277050711202,0.7609548624675999,0.7606267020720285,0.7602885023334748,0.7599428685807728,0.7597057496837386,0.7594378803546304,0.7592368137929156,0.7588570184065364,0.7585446827038207,0.7584466468495555,0.7581681569374087,0.758008375482678,0.7577179719098247,0.7575163019555522,0.7572682401017878,0.7571365233109376,0.7569712964667853,0.7568267821225242,0.7566230074742084,0.7564760483326859,0.756331279945243,0.7561346124895646,0.7558553135602495,0.7557570907797634,0.7557079889618762,0.7555762208880926,0.7554780706252351,0.7553386377929073,0.7551605484994174,0.7551210939645231,0.7550148429054344,0.7548464573683308,0.7547066249519732,0.7547066249519732,0.7546004904903187,0.7545332011756999,0.7544710986128019,0.7543934847835405,0.7543262323804821,0.7542724886859127,0.7541711865282298,0.7541322314049588,0.7539972181289851,0.7539634723632797,0.753973855354075,0.753932325106635,0.7538933946545859,0.7538674432534027,0.7538285195014406,0.7537895997687002,0.7538337091028002,0.7537384389316276,0.753699350020744,0.7546961744829986,0.7536394215644587
4500CTT_2.csv,4500,0.8611108329745372,0.8362658388749884,0.8264324550397323,0.8170126134693235,0.8111274671793792,0.8070673650087739,0.8017255549182004,0.7979026558759832,0.7956114340728954,0.7932523345717442,0.7906700929037359,0.7886647067509699,0.7865634873882077,0.7849925526347571,0.7835593773225137,0.7818818183953636,0.780558705080024,0.7791143618986212,0.7779987323986169,0.7768335457575136,0.7758994219381363,0.7745411685468935,0.773931301819748,0.7729845268662535,0.7719378674289412,0.7714307851413672,0.7706701128072584,0.7699217246246631,0.7690854629354777,0.768465933028868,0.7677750015153454,0.7672988713608231,0.7666795009490615,0.7660249379924747,0.7656502968159741,0.7650539600005416,0.7645777230469437,0.7641770050347768,0.7636863749564935,0.7632711233594737,0.7628747834283254,0.7623578202665203,0.7620866949824211,0.7616532954199248,0.7613131128570559,0.7609729582823753,0.7605595545294038,0.7602885023334748,0.7600924326690441,0.7597366698435417,0.7595048299760282,0.7591928724385751,0.7599402904057538,0.7600795368943964,0.7584363287600416,0.7582274478336115,0.7579594236789243,0.7577920047846239,0.7576119525229843,0.7573069890565729,0.7571029557708637,0.7569583911565437,0.7568267821225242,0.7566152713590447,0.7564760483326859,0.7563364567861519,0.7560854616055697,0.7559458045007851,0.7558165383602543,0.7556382236689142,0.7555813873978597,0.7554703230062932,0.7553670366028308,0.7551966757677547,0.7551185021194803,0.7550070696116519,0.7549112121472077,0.7547739452034116,0.7546988580034099,0.7546393167084006,0.754530613364795,0.7544917983312014,0.7543986585420217,0.7543236459890554,0.7542724886859127,0.7541945615340111,0.7541270376925779,0.7540647187235303,0.753994622193608,0.753953089658449,0.753921943259628,0.7538830138797092,0.7538544682227967,0.7538259247275557,0.7537973833937404,0.7538285195014406,0.7537358328780953,0.753701955822002,0.7536446323562457,0.7536420269513452
4500CTT_3.csv,4500,0.8569783479064287,0.8339393292459187,0.8197489226157016,0.8139912705298313,0.8107202680067002,0.805890693132875,0.8020371744230345,0.7986362782207189,0.7951659279787687,0.7928304045442229,0.7905429623252682,0.788908285215523,0.7869058860560277,0.7850373228214376,0.783259097403143,0.7818136062410872,0.7806637660969841,0.779156227540486,0.7780013413816231,0.7771497779572063,0.7760714657671852,0.7747629393832213,0.7739286976125982,0.7729195861183643,0.77204977529643,0.7714619709674267,0.7704289842785386,0.7702838613758144,0.7690698976597338,0.7683364504877925,0.7676845220658794,0.7670292315853852,0.7666225380271797,0.7660714707559809,0.7654102025470964,0.7650436007149434,0.7645932431609502,0.7641408318315374,0.7636605697718818,0.7632762789943667,0.7628954765384212,0.7623397392459274,0.7620686268200738,0.7616481388704589,0.7612744749743704,0.7610169088444434,0.7606370335155692,0.7603917375290664,0.7600821160143194,0.759713479487736,0.7594662037539329,0.7590895010773624,0.7588905904372979,0.7586917840143981,0.7584492264158001,0.7581990901610918,0.7579929163352572,0.7577482305049729,0.7575783428144377,0.7572682401017878,0.7571029557708637,0.7569325818561214,0.7568293622519423,0.7566204287515762,0.7564090332956264,0.7562303457101893,0.7561009822470227,0.7559199477354897,0.75582687802459,0.7556795645097315,0.7555788041341444,0.7554780706252351,0.7553438010540635,0.7551992564191937,0.7551185021194803,0.7550122517897222,0.7549086217427409,0.7547739452034116,0.7547014469685016,0.7546315511451533,0.7545642562911794,0.7544659238606708,0.7543546838568098,0.7543210596153648,0.7544633365112243,0.7542023535246046,0.7541348282879762,0.7540673151416027,0.7540050060423689,0.753932325106635,0.7539297296180778,0.7538933946545859,0.7538700383131212,0.7538233299715337,0.7537844107746425,0.753772319267527,0.753741045003181,0.7543478335750231,0.7536811099164381,0.7536342108447271
5000CTT_1.csv,5000,0.9366522043106073,0.9289984527831523,0.9154143753466214,0.9077297711918055,0.9006957791185904,0.8949400691818841,0.8908626296523292,0.8865544812819912,0.8833597114358277,0.8805027235321886,0.8775749455702562,0.8754658249672119,0.8735150244584207,0.8714100419952608,0.8693842476973066,0.8677996086525317,0.8664114446907113,0.8649994951364814,0.8636013857945972,0.862207788722188,0.8610512224572923,0.8602034918885499,0.8590978461911645,0.857883953532968,0.8568778730611039,0.8563548950459532,0.8553196504638595,0.8545513269096193,0.8538470365095544,0.8529201558854862,0.8524660866752475,0.8516477017340494,0.8509862322584566,0.852736170843838,0.849950082296754,0.8492583369423993,0.8486754239150649,0.8482366140827554,0.8478555335240727,0.8473570932262273,0.8468375697794157,0.8463244130740196,0.8459836082216071,0.8455687126047237,0.8451708161498905,0.8448037782067768,0.8443110726819592,0.844082103086493,0.8438303799270035,0.8434197951986288,0.8431187233550685,0.8426689500276926,0.8425658849150129,0.8422911678299115,0.841979466565267,0.8417766599529013,0.8415357516413353,0.8412262149247834,0.8409512622780587,0.8431961212978419,0.8406392942714005,0.8403761618965964,0.8401668038483738,0.8399946732045115,0.8397394759479498,0.8396706852531983,0.8394672454213205,0.8393383557156894,0.8391322144903806,0.8390066161664589,0.8388773424365791,0.8387394943599048,0.838527067311477,0.838527067311477,0.8383635144198525,0.8382516465657344,0.8381455431183119,0.8381197382329698,0.8378890689816213,0.8378286503061165,0.8377481056249292,0.8376445709303004,0.8375439367311073,0.8375094391432691,0.837440452492415,0.8373772247122373,0.8373398673296751,0.8372496864620516,0.8371775746655595,0.8371227780074412,0.8370852896900718,0.8370506880694442,0.8369786105466194,0.8369814934092012,0.8369411351401618,0.8369036630894489,0.8368806050336819,0.8369786105466194,0.836814296384409,0.8375613522307396
5000CTT_2.csv,5000,0.9511826370787679,0.927312694510509,0.9150383548011128,0.9043130057562359,0.8995061076130318,0.8949322790051559,0.8909670677134971,0.8862016727474593,0.8830022075055187,0.8802463350960574,0.877848400272066,0.8754834446416053,0.8731512700992706,0.8714275659352262,0.8696644908265507,0.8677986169039099,0.8664812799742071,0.8648859662997351,0.8633895936357773,0.8621788635341953,0.8612829751943775,0.860064773628264,0.8588547929149533,0.858054269408851,0.8567997517304656,0.8560460781967759,0.8554118269104478,0.854375985980161,0.8537000981923828,0.8549309996634129,0.8524258760107817,0.8516477017340494,0.8509517490097556,0.8502626704321156,0.8498526247630868,0.849295693630959,0.848781609506354,0.8482566804437971,0.8477495795026987,0.8473226299538716,0.8468088853962726,0.8463215480236699,0.8458376330079678,0.8454204693611472,0.845213849287169,0.8448582402518967,0.8444513779140356,0.8441336104170835,0.8437560359053774,0.8434255319872535,0.8430470712612732,0.8428379168309293,0.8425716100931925,0.8421653156931395,0.8420166298284391,0.8417479731594857,0.841495613661528,0.8412634619183532,0.8409627150498279,0.8407451657152972,0.84065073854741,0.8404076147054321,0.8407079646017699,0.8399459156776248,0.8398082779150907,0.8396391599512599,0.8394672454213205,0.8392667674241675,0.8391264897906278,0.8390497162642081,0.8388687256043279,0.8387423657327527,0.838627526151487,0.8404624593434826,0.8383520394196551,0.8382487785517798,0.8381111369576223,0.8381885547918726,0.837932230513783,0.83782289660098,0.8377193434202982,0.8376848313815963,0.8375899379359587,0.8374462009459023,0.837405963428697,0.8373858461200551,0.8372612255023567,0.8371919960310898,0.8371833431521503,0.8371141265592542,0.8370881732875863,0.8370420381112473,0.8370218555706732,0.8369786105466194,0.8369411351401618,0.8369036630894489,0.8368777228660479,0.8368490213707726,0.8368258710596568,0.8367824676784128
5000CTT_3.csv,5000,0.9476648736669291,0.9280866392246805,0.9145374743412159,0.9025783655308666,0.8970651242502142,0.8948276955849601,0.8890225764943768,0.886172037760961,0.8830406031434908,0.8796133714610612,0.8775778850372972,0.8751341201716738,0.872726296250298,0.8712698758440426,0.8695885738075892,0.8677606729517653,0.8662950775636291,0.864725912168073,0.8635723670283366,0.8620892868568427,0.8610106785504078,0.859686415947183,0.8589907700599609,0.8573301729789702,0.8567303930166354,0.8561441827699299,0.8553138900955325,0.8543558694920955,0.8537145016736855,0.8531243572062032,0.8521502478982539,0.851616042824121,0.850983358547655,0.8502598016060463,0.8497236712108899,0.8492296032642896,0.8487557781332108,0.8481678223375639,0.8476493770959059,0.8472881694847471,0.8467400508044031,0.8463702565178973,0.8458090163241141,0.845562992751834,0.8452023733554195,0.8447550549599675,0.8444112859468258,0.8439304791084841,0.8437017158656583,0.8434714291058862,0.8431129907393556,0.8427691763970259,0.8424685687885778,0.8421624558543873,0.8419766079885925,0.8416705285827223,0.841504214334871,0.8411918360118653,0.8409197687640863,0.8405077074897063,0.840410474168436,0.8402241964075292,0.840052042248471,0.8399143697057226,0.8398082779150907,0.839613368283093,0.8394042277310494,0.8392295463384347,0.839029181844227,0.8389807582331408,0.8395789818569029,0.8387050394191368,0.8384668035592061,0.8384237633249492,0.8383204847887604,0.8409825137172453,0.8380165345792985,0.8380243233125315,0.8379351081073656,0.8378200197780463,0.837693459124679,0.8376618249355448,0.8375899379359587,0.8375123138337126,0.8374375782952653,0.8373369938229239,0.8372996400297859,0.8372525711923097,0.8371516174596066,0.8371112427829298,0.8370881732875863,0.8370420381112473,0.8370189724300419,0.8369757277038965,0.8369353699908728,0.8369151925938172,0.8368777228660479,0.8368519152497242,0.8368114027656272,0.8367824676784128
6000CTT_1.csv,6000,1.1317013243242342,1.1107096497919091,1.09422330161865,1.0849245560154894,1.0785613394195803,1.0720261293845368,1.066736221881134,1.0621402293150703,1.0580451611175101,1.0544850765254885,1.051514146883801,1.0479618314221144,1.0465443909245817,1.0443460915935177,1.0417643669690353,1.0397799691420138,1.037853088368656,1.0363146103591214,1.0319258357927006,1.0331482416288071,1.0316518863771544,1.0304626305757794,1.0297690759673435,1.0282430820410289,1.0272715331269808,1.0262104236062044,1.0252121244823353,1.0240379433006361,1.0230764312132543,1.0225984124412766,1.0235862556608697,1.0207759918876944,1.0201324145385757,1.0211922672490497,1.0186425070748433,1.0181129395051498,1.0173662045142666,1.0164660750226255,1.0160089137848702,1.0157715462074477,1.0150772812170101,1.014150783938556,1.0140818319947904,1.0144697197696477,1.0130785389984414,1.01272168105025,1.0122245581250486,1.0120082590741144,1.011541072640869,1.0111120536092968,1.010707393426332,1.0104674938032572,1.010173157964552,1.0097507241646608,1.0095447870778267,1.008924052137934,1.0088486557176584,1.0085075791388844,1.0083048895974274,1.0080267535749192,1.0102728076739913,1.0075841128494207,1.0074709416109324,1.0071593667528158,1.0069599707810937,1.0067091190783322,1.0064068885992863,1.0062352475679806,1.0061357225930334,1.0058021785538345,1.0057402453458857,1.005523539169246,1.0054925887672113,1.0053241144428144,1.0052244317404744,1.005234742827445,1.0050009947108822,1.004876911152419,1.0047563037313152,1.0046495041900398,1.0044463032605082,1.0042466265196512,1.0043085866670323,1.0043705544605364,1.004112735725781,1.003991899298237,1.0040126120488388,1.0039401211604448,1.003912508337287,1.003771016455657,1.0037330620045788,1.0037089106664696,1.0036801605888257,1.0036593904235027,1.0036074687709085,1.0035763183578594,1.0035036415802252,1.0035140233325632,1.0034759579574608,1.003434435387098
6000CTT_2.csv,6000,1.1382640305228338,1.10038597124949,1.0956671042654187,1.0819113767656192,1.0756423789735299,1.0690542210937761,1.0667754621578962,1.062614030515067,1.057552969682366,1.053913532249754,1.0516514947517903,1.0486710690749246,1.0466707817825607,1.0444583257769628,1.0416701556476273,1.0398113580942607,1.038971485260011,1.0362103540553047,1.0348419178174244,1.0333108554673214,1.0321478761960476,1.030723621700929,1.0297829379101464,1.0283640274230408,1.02726115336167,1.0262794845048622,1.02520520966121,1.0239965507484607,1.0233657286936264,1.0224500332380622,1.0215503290538352,1.0208000646843605,1.0198327069129123,1.019340466466399,1.0187593400328565,1.0181163832176536,1.01721836400196,1.0169743492715626,1.0160364418403807,1.015568667675465,1.0149914233224728,1.0145932326631382,1.0141196661206022,1.013734577842271,1.0132982689205492,1.0126050704759582,1.0122314116734996,1.0118227069313253,1.0114827046640213,1.0108959659144876,1.0106662596869647,1.0104102878138395,1.0098468568941599,1.0096786366278772,1.0094864535075405,1.0090611654146833,1.008924052137934,1.0085213237523807,1.0082430683289052,1.0079237791693483,1.0076149821454712,1.0074057939446743,1.0074070026738973,1.0069909063600864,1.0066507194993364,1.0067297323122704,1.006314195170374,1.006176902953385,1.0061357225930334,1.0056817598746661,1.0056404801078156,1.0055785668111188,1.005516661137465,1.005306926359558,1.005128205128205,1.0051934997487015,1.0049458426796727,1.0045875019714603,1.004590946338386,1.0043636687725168,1.0044222001302665,1.0044290866208674,1.004312029121621,1.0044531900816247,1.0040367780047175,1.0039988034534808,1.0039194114006738,1.0037537640766152,1.0038227771513435,1.003829678980769,1.0037054605701872,1.0038227771513435,1.0041956118027375,1.0035555524900939,1.0036247753915344,1.003590162747147,1.003482878719956,1.0035347874816793,1.0034482758620689,1.0034482758620689
6000CTT_3.csv,6000,1.1202651294139614,1.0982848062812545,1.0885462231452974,1.0855333475844378,1.0727354754624292,1.0722051686301495,1.0659342128125961,1.0629585680143063,1.0536843830594311,1.0503323264861033,1.051172693613289,1.0485059627495645,1.0462355639612089,1.0437117207819446,1.0413657343643974,1.039417389788227,1.0378740041111902,1.0365996846589958,1.0339317605038068,1.0334391378164907,1.0338207059518536,1.030271809945153,1.0292806808052608,1.028561056527161,1.026821935609848,1.0263485546993303,1.0244934823342273,1.023986203133263,1.0230523304728252,1.0221534039732418,1.0238241177936591,1.0199773713629532,1.0202599297980088,1.018879637251859,1.0184398311143485,1.016747623647996,1.0173765205722998,1.0167751001574143,1.015940100171694,1.0165724958036833,1.014603526761859,1.0145246106761807,1.0139236471410067,1.013322307663631,1.012587924127024,1.012701100762066,1.011956709986111,1.0126908109316417,1.0112939132323395,1.0109131123572255,1.0101900377634798,1.0105668669714192,1.010995423379778,1.0087013225195118,1.008204818336428,1.0093012033453068,1.008858936384141,1.0085419413750925,1.0082980201932117,1.0081675192948278,1.0076938789405596,1.0077933751204415,1.007300366725625,1.0071903145847987,1.0069152894113471,1.0067434749372064,1.0065064672305377,1.0063347922345067,1.0065339406656773,1.0060121200507797,1.007403562452191,1.005523539169246,1.0055269782204224,1.0053894345197385,1.0052141208650311,1.0051213325037094,1.004959630119978,1.0047700859712836,1.0047666403758444,1.0046253913067331,1.0046460594215572,1.004449746659262,1.0043051442360424,1.0048010973936898,1.0048665722389318,1.0039815432434105,1.003974639325549,1.0039090568411932,1.0038676407391491,1.0037744670026332,1.0042197865689042,1.0037078554798655,1.003676698834907,1.0034482758620689,1.003437895470047,1.003437895470047,1.003437895470047,1.0034724976120113,1.003437895470047,1.0038844463456535
6500CTT_1.csv,6500,1.1567882743126137,1.1562973087681423,1.170259362910803,1.1521699200160302,1.1484544273919735,1.1485848032881578,1.1337337631934505,1.1293111537069556,1.1317899022910374,1.127082761988214,1.1233958075539148,1.123418411318692,1.1278069676382987,1.1215543265469223,1.1247498690589706,1.1058165952912318,1.1129473998263533,1.1125078144431075,1.1136380408020876,1.1066411926161133,1.0983621975305324,1.1077840291112215,1.0900429288511486,1.1068831985896492,1.0976948408342482,1.0998436002219867,1.0962146966747033,1.092306654979435,1.100195402803136,1.1005987661177137,1.096306291111486,1.0938813543871733,1.088381277146352,1.0941547148274848,1.0928040204394827,1.0834455593920556,1.089975264648019,1.090037796976242,1.0767725267246138,1.0933660101957225,1.0918654335010005,1.0885476002934344,1.0818961582543607,1.0881835470715657,1.0839998238500288,1.0859458248776614,1.0801622613654063,1.0811287119317297,1.0911444478707435,1.0889809377448934,1.0787120585082566,1.0867128972445035,1.0873960602281492,1.0804566458276705,1.0874330124273204,1.0900459449272113,1.082711682050479,1.0682997363272944,1.088131881584048,1.0697664910977713,1.0843472093403894,1.080447312003872,1.08192234050178,1.087542018668903,1.0875790966615753,1.0837005306043164,1.080734626805628,1.0908694229300753,1.0834791643880564,1.0859988115484704,1.0764851222921272,1.0710814843204621,1.079585247945884,1.084743442777217,1.0785565831327446,1.082176956480048,1.0741469255109894,1.0768729529982681,1.0779107010868076,1.0748161003344254,1.089063473906998,1.0766403335527759,1.0735906978339536,1.082611878486268,1.0756679107298732,1.0838398112198,1.0795089265762035,1.0880645836694205,1.0837292672269947,1.082150697214235,1.0792083972036817,1.0844157408969324,1.0786742989478617,1.0870350431202034,1.0793252320721667,1.0797087201139732,1.0819751214637676,1.0792396360238468,1.0818148305099344,1.0841717825303325
6500CTT_2.csv,6500,1.2045378712045378,1.1791271119068456,1.1683412891811598,1.1634982514092371,1.1553243422832014,1.1437974073925432,1.139047555235431,1.1399154256297115,1.129432267578256,1.131884654925875,1.133855309327805,1.1288647707098116,1.1253793131166978,1.1188942376946758,1.1179373552220768,1.117821021077472,1.1165504291845494,1.1155276748304028,1.1080853292860238,1.1173596757308135,1.1155164303474228,1.1074048018957154,1.101721103333378,1.103129119918207,1.1088225312738356,1.1090585475041126,1.1033369214208828,1.1086511859871881,1.092413458264074,1.0956668902950883,1.100135998407165,1.094272967067112,1.097213078779899,1.0935786009619441,1.0961546893497611,1.0942655755532964,1.0941399350945384,1.0987302059527513,1.0925560738337894,1.0982883598330602,1.0988676591413955,1.0971930145378075,1.096305720414972,1.0973639556583676,1.096758469412625,1.0893763744468277,1.0890363554940359,1.0867350404129594,1.0855037755178192,1.0904606771726835,1.087795276928882,1.090119981118171,1.0887667088380044,1.0901792173124536,1.080071325464889,1.0905755249031732,1.0891688960592507,1.0914617767365633,1.0844843939636035,1.0840958367992581,1.0906612133606,1.0897438080416282,1.0839701942283702,1.0864160530743192,1.083619288423334,1.0800239853907165,1.085287191563428,1.079183372379736,1.078910709895933,1.081398244518812,1.0822510822510822,1.082140248107108,1.0854194272957305,1.088221203203066,1.0886906269899417,1.0749448833992907,1.0883441083963352,1.0870310678279953,1.0873815714550332,1.0803358301094739,1.0850455993846828,1.0804358787030655,1.0806508605754552,1.0865764956708324,1.0833789040332649,1.084070341070485,1.0800844804931238,1.0748294180468323,1.0789895984028206,1.078885792723362,1.0861345981989414,1.0834720636187278,1.0858624160611117,1.0756691903520748,1.0872669343545385,1.073770068659336,1.0869752756258735,1.0816508610147537,1.0826466227631626,1.0857239365937221
6500CTT_3.csv,6500,1.2108799060650741,1.1903328919739464,1.1775812547745417,1.1578322177658844,1.1543132839711052,1.1498709737802677,1.1482017085777028,1.1470459386882208,1.1458706774374041,1.1423632514137163,1.137625975346976,1.1345495436701172,1.1271952630960969,1.128717314925528,1.1288988044392185,1.1263828360710693,1.1160078422172697,1.1211665502980825,1.116838776105687,1.1185156323476064,1.1140804965231264,1.1161990061794391,1.1122610822871584,1.1132561565419774,1.1072743549874464,1.1100907246874085,1.106369527422159,1.1101766190075695,1.1079007805817658,1.1026696745607025,1.1055123948836347,1.1051026768416974,1.1028147068941094,1.1035218207097637,1.1022301564761092,1.0984591153517265,1.1013736764934423,1.0999275739997427,1.0991463860066828,1.0982067129152489,1.098993997802012,1.0950792411506443,1.0969441303332137,1.093795504263432,1.0964467005076142,1.0963391071603803,1.093384515915007,1.0939399789340352,1.0951305680438865,1.0944922978916622,1.0907830531051637,1.0938428874734607,1.0937462848291954,1.0924957080525755,1.0897277038656477,1.092669244594521,1.0903791870051258,1.0912354416953924,1.0919184428766777,1.0913430318937352,1.0916807802966924,1.0910591115369273,1.0873270161565205,1.0898291692777156,1.0898959830521175,1.0861026674408278,1.0895552974929983,1.0895925128940807,1.0887743608996894,1.0894362252913132,1.0888709875616116,1.088452138911137,1.085664772746732,1.0887800869654536,1.0882696170865174,1.087968031530545,1.0840089866738707,1.0880536499409783,1.0843753860513639,1.0844423701242991,1.0877733588176557,1.0843381762529938,1.0874934819002662,1.0873853014321242,1.0840926556153254,1.0873853014321242,1.084498196506955,1.0870537403592782,1.0837926549823496,1.0833863562105552,1.0872033414300164,1.0868406299548412,1.0870873970105097,1.083617424568187,1.0835170826475082,1.0835208215434307,1.0879931690555462,1.0866190624029806,1.086105776358753,1.086866512090096
7000CTT_1.csv,7000,1.3015749056358192,1.2720437502921362,1.2513681625243598,1.2447897373260048,1.2133691215942937,1.233833108189442,1.2361311100791457,1.2140102806270046,1.2046942920915165,1.2112938090171121,1.2078911091184068,1.2007459382588512,1.2086837735040445,1.1774177317097716,1.195023866909252,1.1897261283965843,1.187055063929957,1.1804672906598879,1.1755735959452789,1.181374556145497,1.1770323986575104,1.1657204286626128,1.1871731490356319,1.1783440562642453,1.1734918612118908,1.1850854305193166,1.1713819277311208,1.1804225238108086,1.167333553754698,1.1689877980582,1.1702809348757208,1.1784688009670874,1.1736178794613499,1.1524046731530264,1.1671721039120506,1.170968090275903,1.1633687642250579,1.1489242352050661,1.1665257819103974,1.1631406149091637,1.156546322723768,1.1662615738784452,1.1514884681816644,1.1616958727621267,1.1641679921486345,1.1467812090738214,1.1654419362598123,1.1497176578318156,1.147548219093437,1.1589252493214188,1.152718211252564,1.1580048357738597,1.1593591905564924,1.1589139514887457,1.1550678602367888,1.147735260260855,1.1606140022463496,1.1623836341822358,1.1526417256304677,1.1462624022530687,1.1442232052552537,1.1534103861373,1.157043974497249,1.1475153058792282,1.1478514400937356,1.1395583699538718,1.1584199015855658,1.1444735592444424,1.140106842347801,1.1566847164075216,1.1420052792100333,1.152089486927032,1.1530868168302773,1.1570072535454743,1.1472170568916924,1.1436867804874709,1.1464122429983299,1.153224923346474,1.162487654998354,1.144941347465703,1.1454243042576175,1.1476493742741545,1.158224421401794,1.150937756598996,1.1473996282974857,1.1398945940842218,1.1397498043200638,1.1552386289792986,1.1346678861481119,1.150205073988491,1.1391442308023223,1.145798566547499,1.1334392128626403,1.1355502945548643,1.1595978225712102,1.141879374760671,1.1423838202557421,1.1381115625237106,1.1515017789668203,1.1454002863500714
7000CTT_2.csv,7000,1.2884533219397565,1.2716701267664867,1.2490356709893098,1.2375368334442658,1.2329632216092676,1.229510935296987,1.2157729844554739,1.2213607631998984,1.206102880575713,1.2114843360429977,1.1987998606981167,1.2102397682776376,1.2045443869573678,1.2065434875139507,1.1991893747801765,1.1961001105638756,1.1902885863059813,1.189260374113094,1.1985295351921172,1.1904361569761577,1.1910730087379,1.195641952254927,1.1890886005367693,1.1767356009588714,1.1881641349458258,1.188500166659372,1.1802524596999266,1.1846825925701556,1.1750525238377418,1.1877005509985796,1.1809801460366307,1.18172180242962,1.1805419699535205,1.1763159402606769,1.1733962741296469,1.1757233401354108,1.1760173563940874,1.1717153980962158,1.1717193546426423,1.1695866896978342,1.1737287705613941,1.1705006765899864,1.1802781939376312,1.163738713595107,1.1724203364100896,1.1635243593831626,1.1762034052274954,1.1617588283509799,1.161487519103413,1.164887637587494,1.1715367505985024,1.1724604337084075,1.1706065777910484,1.1664325866577794,1.1664762215692677,1.1611956920318887,1.164548686307359,1.167166881044257,1.1670080363643787,1.1677271535714406,1.1697701384625878,1.1574980339555452,1.1684153154380705,1.1631635319238929,1.1591435974362472,1.1689767874609347,1.1624815059760412,1.1651268314017056,1.1699536793849388,1.1637828060475752,1.159755459232372,1.158855501999795,1.1648163962425278,1.157435151100077,1.1637857265103544,1.1576849041998616,1.1559151736095674,1.164200160248728,1.1669410061700722,1.1466197033207342,1.164028431136902,1.1530304798116717,1.162192738866605,1.1564264022099067,1.1659128240123176,1.1599335612019381,1.170124424374275,1.1642762940982525,1.1680517240786992,1.1680075851786709,1.1668611435239205,1.167427733123954,1.1587724576635434,1.152470070180267,1.1599410736166758,1.1504942991974096,1.1659112389704107,1.15900835796801,1.159104315938719,1.156085322547805
7000CTT_3.csv,7000,1.2998643329256638,1.2763071289437724,1.2709913732711515,1.2468161063236642,1.246414881925644,1.2414586972380055,1.2400188509604295,1.2308474451553777,1.2208991169387209,1.2214711197376347,1.2185854365649282,1.2127506323389001,1.2078631893627514,1.203514665111149,1.2086661361965292,1.2050781118876424,1.1989964701812599,1.1992018757264074,1.1987508814344716,1.1967070387215404,1.1977941745482195,1.1903440901433457,1.1823755305531227,1.1804271061039178,1.195906294846486,1.191173204659708,1.1770697371660612,1.183200574408484,1.185290244149529,1.1897178717194288,1.1746121754627568,1.1836913634370891,1.1740771854535885,1.1777291088066464,1.1820889876589908,1.1831999134573778,1.161804985629418,1.1796319142823342,1.1662024392222614,1.1770197049333362,1.182664170682093,1.1780795948489484,1.1750761937013205,1.170754155162146,1.1664852510825592,1.1697571990926754,1.1787445521280246,1.164717547505535,1.1642826593166375,1.158630437663304,1.1732898025812375,1.1737648251600743,1.1717914143352546,1.1681687596356942,1.169642341052746,1.1666230175061476,1.157789711335783,1.1661370176898211,1.167671499623826,1.1715424173279296,1.163637353439535,1.1662284784810386,1.1627629429836974,1.1618172188146048,1.1670124481327802,1.16787324136047,1.1717202082450842,1.1666939577533977,1.1589188893523044,1.1580281411086326,1.1577789769195566,1.1610554677175358,1.1529447989189003,1.1562631490724238,1.1577642134396557,1.1646986684753753,1.1664728263293502,1.1646228677125436,1.1631298142080253,1.1552094117001803,1.171790681180425,1.1572881681879683,1.1526863423821498,1.1640803936583373,1.1635130543418943,1.1619312810464257,1.1608577983541921,1.1675302956942168,1.1647683347935887,1.1677896738456452,1.1661405233831874,1.159829295154185,1.1625747246624063,1.1592228734967942,1.15441607222854,1.1615402644313622,1.1602690719228697,1.1688808741435965,1.15911231315351,1.1659514577842782
8000CTT_1.csv,8000,1.395459082669266,1.3879482055097538,1.3496809541308925,1.3642564802182808,1.3534829628243346,1.3307654241731197,1.300094582716429,1.3043172902306635,1.2906418435447846,1.2912246898217374,1.2850029447984153,1.2641801104564798,1.3108093157977667,1.2957324748825951,1.2682691146273706,1.2995647969052226,1.3025991553248777,1.286301061618187,1.289213579716373,1.2997219199613108,1.2684734023275481,1.26885661920203,1.2631522367201042,1.2541061047733364,1.2778779155793496,1.272676942604633,1.2781873957268177,1.2971698113207546,1.2865938270440676,1.276825118754843,1.2707465383111543,1.2924224123639487,1.288290384699697,1.283046898740588,1.2686030858095274,1.249793108573243,1.2882022984774868,1.290164869489638,1.2448202959830867,1.2817044301657086,1.2304488772153996,1.2635586961971288,1.2622929737998063,1.27837450285436,1.277784179879475,1.2638712409995765,1.2555034602900246,1.2625534124578723,1.2522355288743794,1.256533123231939,1.2339174329078642,1.2725668521786344,1.235686909526671,1.2692212153899027,1.26329516280207,1.2447779009293205,1.251062383137855,1.2310036079967626,1.2519604407717246,1.255302718461795,1.2502597610538975,1.2407497673594188,1.2527275760061818,1.2555613177934875,1.2743553914115964,1.2584922648768109,1.2313884672454078,1.2486737106420436,1.2644298788197743,1.2429401681383898,1.2315059705742113,1.2580723459972445,1.2476712984327196,1.2605070800764524,1.2737893864581122,1.2401379910449704,1.2399383456071245,1.2329738301304556,1.2493411009262239,1.2370198816584315,1.2375983050731245,1.2573401944594806,1.2395998942391226,1.234093900833699,1.2369051259409929,1.2669701901485344,1.2540455854159653,1.2330117428054281,1.2724308932464872,1.2521386389977371,1.2526701198491275,1.2638480902807672,1.2450558899398108,1.2590212657635655,1.2802771748320283,1.278098355008182,1.251508360627478,1.2492580373535056,1.2486504572061272,1.2655739740057312
8000CTT_2.csv,8000,1.4133521780290406,1.386721556335981,1.3511304458063245,1.3653084796004888,1.3523260007212405,1.3441669174440767,1.3361436888923033,1.3271067401645344,1.29839708195295,1.337203067188589,1.303125827015909,1.3167593647389937,1.322388199610314,1.3058818395141718,1.324845378805157,1.3146597982399657,1.2883173499009375,1.293361193789179,1.302467975400811,1.2846424692038916,1.2879794192322567,1.3130763599239692,1.3069121505778372,1.284988176090474,1.2882046866433692,1.2887768733532763,1.2657290397290801,1.2636346175230742,1.3006398743837966,1.2921858183449901,1.2730530371408173,1.2778669399975724,1.2478626136988333,1.2707679550748134,1.2695711483203507,1.2795149321755805,1.2730379345043932,1.2776054024457018,1.2671744375435061,1.2718342826989946,1.2800975312404754,1.2834840326458734,1.2659041906844346,1.2701143780334565,1.270402666829278,1.2527594566409794,1.2367221779863453,1.2780942798482604,1.2634816541108882,1.2631235823814635,1.2399445591912164,1.2526308642813497,1.2485286413150714,1.292112672225018,1.286503256991755,1.237156850416181,1.2567764024945314,1.2848184089325472,1.2547094106606096,1.2692082590409821,1.244090569793481,1.2789424680520172,1.269709430571063,1.2465430568232905,1.2542219222995887,1.248882489029625,1.2654601021918725,1.244614648157013,1.2429868564384328,1.2687013764213046,1.2641015654360468,1.2681462846048408,1.2695523031595086,1.2615125843572441,1.266225655100665,1.246131514802947,1.263547177564333,1.2573229641303232,1.2447151042577487,1.2529226303159349,1.2730591852421216,1.2714362088582434,1.2670310954840127,1.2548858259617361,1.2766570802989847,1.2605316214833058,1.2502060779249327,1.2637970232085334,1.2656312335777469,1.2614848398395473,1.2740257146595597,1.244790448812291,1.2681346703883662,1.271098863244919,1.2657136452208102,1.2553931898368333,1.2540178525288785,1.2667490456236754,1.2518024918477229,1.2597153388461697
8000CTT_3.csv,8000,1.405469647197073,1.370913942628419,1.3416905300678854,1.319671117911779,1.3266588247874673,1.3266898586757832,1.3144735917907278,1.313998936764219,1.2996365707012343,1.2879010891963498,1.2999108823982684,1.3074261807064125,1.2592180791565917,1.2873387045271973,1.313492449093791,1.2927184694213323,1.2878731981513654,1.2968861293660712,1.2922151588585544,1.2658780391985682,1.2270969910909397,1.2677936691024894,1.2963199290718215,1.2634323694061196,1.298461020940207,1.2731130645650195,1.265396782661372,1.2796724038646106,1.2452378067660164,1.2648237341644069,1.2739068160754907,1.2435296020705273,1.2767380356473366,1.2828130063735552,1.251155042053648,1.2730766243545975,1.2699141794699458,1.2476585270190765,1.2409800699277054,1.2506168583152502,1.2572579609438899,1.2757432811981835,1.2896979872587317,1.2310897511778214,1.2574566160520606,1.2533408307956004,1.2424042383926608,1.2725495785315795,1.2687944417304458,1.257494975104311,1.2586809973096118,1.2623006447234477,1.220179526135294,1.2641494686834156,1.2616901887434109,1.242477056725035,1.238482790533092,1.2431626056688214,1.2349080963024197,1.2468445634511023,1.2660640383358746,1.2500596077469635,1.2605872292292701,1.2347531857996563,1.2639417903564656,1.256787678016461,1.2441923487283673,1.2451728231649906,1.2648102442792974,1.2646848712926788,1.263341914953188,1.252553875216887,1.2692526120602947,1.2754622268271083,1.2536951465555923,1.2300460153704358,1.273283634197934,1.2298690309385716,1.2365003956116225,1.2616695865632188,1.2494851022930111,1.2506038874936185,1.2384941831942171,1.2593334797408589,1.248812084658481,1.2630379494853463,1.267893098400874,1.2523136839352926,1.245745709576068,1.2492729781910665,1.2386755805431593,1.2446044157599325,1.23905927866099,1.2344018840144957,1.237205775924458,1.2427149707566103,1.2331985311847662,1.2529814399966863,1.258069741871663,1.252605280956259
9000CTT_1.csv,9000,1.4858492933849587,1.397957447376411,1.4588282530866263,1.3660472137980788,1.4015228988053525,1.376048736172714,1.399383333947098,1.3637079453578644,1.362534649222652,1.384309817899728,1.385927148438154,1.365397872924294,1.354854504052826,1.3587138850494505,1.3358573653402075,1.3550453638330344,1.3541596835824898,1.3324405532993044,1.3283865470671505,1.3058862234038981,1.35428953567696,1.3373925549574253,1.354667383777606,1.3133851073549565,1.3521240456089603,1.3369929445838316,1.294718222234179,1.3199336994939692,1.3263852794859161,1.3112035432831999,1.3150219338914872,1.2770144144265565,1.3345375625143225,1.2960381163794852,1.316886879417058,1.3278911196859013,1.3180039337348177,1.3021449879255647,1.344303934284479,1.3186411909696745,1.314971063875818,1.3128746526988564,1.3215500765821326,1.3137223034833956,1.2714665943343448,1.3247874891020053,1.3021760582723785,1.3015272608952067,1.2981906679411306,1.3336183815370206,1.313364759063744,1.258083440434327,1.3390611617884964,1.3263005397022967,1.323025749686249,1.265650517147523,1.2875054071821002,1.2962622736644416,1.3257279606224803,1.2923983171613491,1.248915281346242,1.2536536509255918,1.3030693765051815,1.2878080689011386,1.294247071766,1.3379661549173667,1.2214386363558822,1.258977464644569,1.290049554284466,1.3103923669644626,1.263372110889926,1.2475433649491583,1.305576726556866,1.2734536267753893,1.3079772918706816,1.315577603661691,1.3029872950188952,1.323154867393145,1.3057335755166386,1.2917284834696443,1.3107329124348064,1.3127407833943434,1.318785480996095,1.2876641771825907,1.2849849168882752,1.2924959609501219,1.2592989102088994,1.2958354529580796,1.2781511939172407,1.3197917203691294,1.3359639427463699,1.3345715956385649,1.29971495669336,1.3020923038766525,1.280211441373543,1.2874842076636295,1.313856531004945,1.2685587035881596,1.265033039078146,1.299681802041569
9000CTT_2.csv,9000,1.3806244567760915,1.3558914485328986,1.3220800726476323,1.3384691384397656,1.2595299981958987,1.3503982672117285,1.2712473947791878,1.265022137887413,1.3042562228070937,1.3007945212808647,1.256813339695811,1.2988838971873138,1.2265744389930024,1.2307300207580893,1.244527934788078,1.2567851234378633,1.2212306247064348,1.2722731728277363,1.2260170903423444,1.2125894326693762,1.2529686623467802,1.223726853408281,1.2666180625783239,1.2434717731907488,1.2414523643257867,1.2524704305872134,1.2156396588127139,1.225609858751831,1.2456411000800045,1.2494232783385026,1.237273278942755,1.248452122368608,1.2506320579807855,1.1968295815816354,1.2502075208960837,1.2381149445561952,1.2554588837215581,1.2224443483898855,1.2039066093120148,1.1887755274347103,1.1907339250920113,1.2343132314996736,1.2422781888534382,1.2329286798179058,1.1856730049357875,1.2503057813052105,1.2443040034718453,1.2245465616021547,1.2686868412750643,1.220578961287304,1.21013257222661,1.2485283989319653,1.243383906671468,1.2115165336374,1.2445085211430438,1.206063612211479,1.2401046444467096,1.212104704055784,1.1942837699897926,1.2254067669684798,1.1822868221016085,1.239043485660795,1.2404241978135822,1.2374254732385437,1.2341163077701467,1.2300919331865856,1.235853404571292,1.2183676603586848,1.2059800210448637,1.187717364223086,1.2840565258074872,1.1929829359002406,1.2266961893827566,1.197074884065527,1.2138868657441126,1.1703774381433216,1.216149089601069,1.2077955848741566,1.2336176266433916,1.2305688381579172,1.2494148745766445,1.2520152299934828,1.2344832316027707,1.2260246922059859,1.200714939981406,1.2349405856362687,1.2186498046727496,1.2359284397433388,1.2232079659700794,1.2545455795313154,1.1862029129017617,1.2093867819915722,1.2416319182178444,1.2644838528512905,1.2409642292060932,1.2126823774102495,1.2374915116355225,1.19935069634715,1.210879929146226,1.212650368645712
9000CTT_3.csv,9000,1.3817145304177931,1.341046015892396,1.3230651008168925,1.3588861807619113,1.3425508466085563,1.3805056479811366,1.3234719079719128,1.3184445031907026,1.2742432299557527,1.3515909630754717,1.3228177692938832,1.2530320695801338,1.3135146816499637,1.3011925362522974,1.3150831991411702,1.2642437569558624,1.307699289673882,1.2802118229745938,1.3380085188783588,1.2762170240634079,1.2802935602242025,1.3104266278690784,1.2564924375281368,1.3047806085389149,1.2985614899142814,1.265699214660567,1.2044504106233873,1.307044227277474,1.2509947262648196,1.2599465028062444,1.277647241259578,1.2825359110055081,1.290722636174608,1.2927548199111316,1.3228453015309143,1.2689841376982787,1.2534045176763913,1.2101217558258235,1.2731325138457381,1.2729667234310516,1.2695639809463837,1.3080687902222703,1.2629949276494035,1.2780464923402186,1.2822161024690273,1.2522567771186555,1.2708461123970192,1.2820904179004242,1.2611712235400498,1.2456054969999966,1.2439375040359995,1.261748335475818,1.248625832982723,1.270704607417353,1.2955658324265507,1.2789115646258504,1.250556463643809,1.2918795654648894,1.287110844760131,1.239827931062827,1.2802353453911526,1.2223123802289246,1.2457962884801286,1.2408216693823846,1.2791300551219777,1.2623979419501659,1.2516284811982892,1.2552401158368325,1.257307244208016,1.2588357304658717,1.2564276372998102,1.2153045985890107,1.2655586757467652,1.2559331720354672,1.2407543237888936,1.2534761702535722,1.240826988846306,1.2041639441842644,1.2547266512854092,1.3027025909307086,1.2437768328576373,1.2645604367359948,1.2403759504123737,1.2586921981718011,1.2378152560730311,1.2612203939681361,1.2270444726286593,1.2361406315991883,1.2527349654548843,1.2417489053003072,1.2530594962287729,1.2529689167326425,1.2554863031603858,1.2767392561187128,1.2530290164240003,1.2069464943376966,1.2660280182004464,1.2400238360137368,1.2644228615922082,1.2491675092221
